id,firstname,lastname,email,gender,birthdate,addressid
1000,Dariusz,Mironiuk,alanmeler@example.org,M,2011-06-06,1000
1001,Stefan,Rapa,mieszko36@example.com,M,1965-01-11,1001
1002,Inga,Wenzel,oskutnik@example.com,F,1993-01-11,1002
1003,Ada,Drwięga,krystiansorbian@example.com,F,1991-09-07,1003
1004,Monika,Glazik,lukasz33@example.net,F,1973-12-04,1004
1005,Aleks,Filiks,ppalac@example.com,M,1992-10-17,1005
1006,Alan,Kłosowicz,aleksanderpenkala@example.com,M,1958-08-20,1006
1007,Grzegorz,Sadowy,kamila04@example.org,M,1962-01-06,1007
1008,Jędrzej,Działo,wajdzikadrian@example.net,M,1985-06-26,1008
1009,Natan,Piekarek,karol99@example.net,M,1994-01-20,1009
1010,Miłosz,Bulczak,sstojak@example.com,M,2009-04-05,1010
1011,Gustaw,Kandzia,nickelmaciej@example.net,M,1977-06-04,1011
1012,Justyna,Czubaszek,zficon@example.org,F,1969-06-02,1012
1013,Borys,Rapa,luccezary@example.net,M,1991-05-22,1013
1014,Maciej,Gorgol,kazimierz56@example.org,M,1980-07-06,1014
1015,Borys,Organiściak,otwardzik@example.org,M,1999-02-09,1015
1016,Jędrzej,Bryczek,jakub42@example.net,M,1970-07-27,1016
1017,Monika,Niedośpiał,anastazja80@example.com,F,1982-06-15,1017
1018,Jeremi,Klaja,qdietrich@example.com,M,1971-02-28,1018
1019,Andrzej,Kott,kacper37@example.org,M,1992-10-10,1019
1020,Cyprian,Burchardt,zmajzner@example.com,M,1984-07-08,1020
1021,Ryszard,Witas,woloszczukbartek@example.org,M,1968-04-30,1021
1022,Anastazja,Widłak,fkrauza@example.org,F,1967-12-25,1022
1023,Sara,Zach,anastazja97@example.org,F,2010-08-22,1023
1024,Adrianna,Domżał,eburzec@example.com,F,1977-08-21,1024
1025,Olga,Szczudło,sobusernest@example.com,,2006-05-20,1025
1026,Witold,Tywoniuk,lakotakonstanty@example.org,M,1980-04-25,1026
1027,Józef,Sołtan,dmatwiejczyk@example.org,M,2006-02-23,1027
1028,Sonia,Komisarek,xpabis@example.org,F,1990-10-27,1028
1029,Ida,Bejnarowicz,maksymilian42@example.org,F,1988-03-18,1029
1030,Dorota,Ziegert,korneliamaszkiewicz@example.net,F,1957-08-30,1030
1031,Norbert,Kuryś,kempkaalex@example.com,M,1992-04-03,1031
1032,Józef,Sarota,fbondyra@example.org,M,2006-09-30,1032
1033,Alex,Domowicz,tnarozna@example.com,M,1959-05-03,1033
1034,Grzegorz,Sinkiewicz,yjaremko@example.org,M,1974-04-17,1034
1035,Klara,Kubanek,vutrata@example.org,F,1977-06-03,1035
1036,Dariusz,Machniak,bjama@example.net,M,1996-09-16,1036
1037,Nicole,Jasina,andruszkofabian@example.net,F,1975-01-07,1037
1038,Klara,Grabias,jerzynarozny@example.com,F,1955-08-01,1038
1039,Szymon,Hutyra,epalgan@example.net,M,1997-10-13,1039
1040,Ewelina,Krauz,nzygula@example.com,F,1975-06-11,1040
1041,Angelika,Jarczak,justyna25@example.com,F,1976-10-26,1041
1042,Krystian,Bąkiewicz,thielangelika@example.net,M,1963-11-06,1042
1043,Ewa,Pawliczek,migonewelina@example.net,F,1987-01-28,1043
1044,Sylwia,Kazek,okorniak@example.org,F,1997-03-11,1044
1045,Marcel,Wolff,ciereszkorobert@example.com,M,1983-07-31,1045
1046,Adrianna,Tymczyszyn,ormantymoteusz@example.com,F,2000-10-29,1046
1047,Miłosz,Kopciuch,xkultys@example.org,M,1995-06-23,1047
1048,Łukasz,Krasa,adamowtymon@example.com,M,1978-10-18,1048
1049,Juliusz,Olbrych,msacharczuk@example.org,M,1985-09-23,1049
1050,Krystyna,Gowin,anita99@example.net,,1965-05-02,1050
1051,Marika,Cop,wiktordrobny@example.com,F,1969-03-08,1051
1052,Blanka,Czylok,kajetanswaczyna@example.org,F,1960-03-01,1052
1053,Alex,Kiełek,anna-mariasznura@example.net,M,1973-07-11,1053
1054,Arkadiusz,Durma,ckuropatwa@example.net,M,1997-05-15,1054
1055,Krystyna,Bilik,dabrosgrzegorz@example.com,F,2004-01-13,1055
1056,Karina,Namysł,lciepla@example.net,F,1990-01-28,1056
1057,Sandra,Kożuszek,olafkostek@example.net,F,1997-04-18,1057
1058,Ewa,Labocha,goliszekolgierd@example.com,F,2000-07-07,1058
1059,Klara,Sajnóg,ewa76@example.net,F,1993-08-08,1059
1060,Aurelia,Bogumił,blankaproch@example.net,F,1964-10-28,1060
1061,Borys,Kłoczko,gruszczykleonard@example.com,M,1999-01-31,1061
1062,Ksawery,Fryś,wittbrodtarkadiusz@example.com,,1992-03-14,1062
1063,Inga,Petrus,jeremi00@example.org,F,1978-03-30,1063
1064,Grzegorz,Chlebda,malasolgierd@example.org,M,1975-09-17,1064
1065,Eliza,Wojtarowicz,drozdowiczbianka@example.com,F,2003-06-20,1065
1066,Melania,Kosowicz,kukawkakajetan@example.com,F,1999-06-16,1066
1067,Julita,Irla,dzugaj@example.org,,1982-10-14,1067
1068,Olga,Dyja,cstefankiewicz@example.com,F,1986-12-12,1068
1069,Gaja,Pyziak,biankaprazmo@example.org,F,2010-12-29,1069
1070,Blanka,Żołądź,tymoteusz03@example.net,,2001-02-21,1070
1071,Klara,Potok,uczopik@example.net,F,2008-09-22,1071
1072,Marcelina,Kleina,bartek14@example.net,,1962-09-25,1072
1073,Filip,Szałkiewicz,konstanty84@example.org,M,1992-05-20,1073
1074,Maksymilian,Kłoczko,kawiakdorota@example.net,M,2004-03-04,1074
1075,Anita,Kiszczak,wyroslakmarianna@example.org,F,1960-02-26,1075
1076,Cezary,Litwińczuk,metelalan@example.org,M,2000-02-02,1076
1077,Apolonia,Rzeszut,nfurga@example.net,F,1990-09-15,1077
1078,Dawid,Chowaniak,daniel29@example.org,M,1990-07-24,1078
1079,Olaf,Pinda,trepkakajetan@example.org,M,1991-12-12,1079
1080,Przemysław,Kruzel,njarosik@example.net,M,1967-01-09,1080
1081,Janina,Wisła,tniewola@example.net,F,1968-03-13,1081
1082,Tymoteusz,Szymocha,ksawery54@example.org,M,1970-03-27,1082
1083,Oskar,Otremba,majewiczsylwia@example.com,M,1956-05-06,1083
1084,Karina,Sornat,kultysmaciej@example.org,F,1999-07-09,1084
1085,Janina,Sadza,olgierdgolonko@example.net,F,2005-09-25,1085
1086,Kazimierz,Sypek,ymatacz@example.com,M,1986-02-22,1086
1087,Cyprian,Waraksa,suchojadadrianna@example.net,M,1982-05-16,1087
1088,Wiktor,Hirsch,hubertszczerek@example.net,M,1997-07-30,1088
1089,Anita,Paprotny,julita93@example.net,F,1997-08-10,1089
1090,Mikołaj,Dawidczyk,ksawery90@example.net,,1985-12-14,1090
1091,Aurelia,Nehring,marchlewiczolga@example.org,F,1988-05-03,1091
1092,Anna Maria,Osada,gdziadkowiec@example.net,F,1985-07-19,1092
1093,Igor,Dulemba,fulawkaborys@example.org,M,1966-01-12,1093
1094,Kamila,Jaśkowiec,vbotor@example.org,F,1969-03-01,1094
1095,Natasza,Fogt,kajacierpisz@example.org,F,1971-04-05,1095
1096,Malwina,Wojtaszczyk,marika38@example.org,F,1972-04-19,1096
1097,Kajetan,Skomra,matejukewa@example.net,M,1991-12-13,1097
1098,Mariusz,Taciak,miloszmiszkurka@example.net,,2009-03-03,1098
1099,Bianka,Hojka,nmalka@example.org,F,1985-11-04,1099
